Sede,promedio_global,n_observaciones
Mosquera,63.411877394636015,2088
Cota,61.86138613861386,606
Zipa,54.15726495726496,1170
Tunja,51.13049095607235,774
