Sede,dif_prom,n
Mosquera,3.0083333333333337,20
Zipa,2.5741666666666667,20
Cota,1.1183333333333318,20
Tunja,-0.5166666666666657,20
